time of recording,name,n,nhl,nm,t_learn,t_cex,t_sos,rate,batch_size,iter,activation
2023-05-12 17:24:17.911720,C14,9,15,[],23.148825957017834,22.82117298601952,92.74794926198956,0.2,2000,6,['SKIP']
