time of recording,name,n,nhl,nm,t_learn,t_cex,t_sos,rate,batch_size,iter,activation
2023-05-30 21:26:38.031708,M6,13,10,[],0.5368320271372795,81.33403523708694,108.65647854609415,0.05,500,2,['SKIP']
