time of recording,name,n,nhl,nm,t_learn,t_cex,t_sos,rate,batch_size,iter,activation
2023-05-30 23:23:35.900145,C16,12,15,[],329.7257517289836,169.45546812936664,445.03882188000716,0.05,2000,10,['SKIP']
