time of recording,name,n,nhl,nm,t_learn,t_cex,t_sos,rate,batch_size,iter,activation
2023-05-20 20:47:04.027499,emsoft_c11,12,15,[],1977.2028632967267,472.16597764671315,1903.6275119018974,0.05,2000,35,['SKIP']
