time of recording,name,n,nhl,nm,t_learn,t_cex,t_sos,rate,batch_size,iter,activation
2023-05-12 21:26:27.698126,C13,8,5,"[5, 1]",19.74545047900756,8.372682999979588,78.49924241499684,0.1,2000,6,['SKIP']
