time of recording,name,n,nhl,nm,t_learn,t_cex,t_sos,rate,batch_size,iter,activation
2023-05-12 21:19:19.844545,sin_15,15,10,[],9.092839827018906,863.9712249819713,929.7633748799999,0.05,500,5,['SKIP']
