time of recording,name,n,nhl,nm,t_learn,t_cex,t_sos,rate,batch_size,iter,activation
2023-05-20 00:15:17.273785,C1,2,20,"[5, 5, 1]",3.6598170021316037,0.4734413418918848,0.41053732100408524,0.1,1000,2,['SKIP']
