time of recording,name,n,nhl,nm,t_learn,t_cex,t_sos,rate,batch_size,iter,activation
2023-05-31 11:31:42.223161,M8,17,10,[],1.1629405163694173,56.97190031222999,1043.0295746484771,0.05,500,7,['SKIP']
