time of recording,name,n,nhl,nm,t_learn,t_cex,t_sos,rate,batch_size,iter,activation
2023-05-30 21:59:27.453186,M8,17,10,[],34.00526961940341,1761.617428736994,736.2413481983822,0.05,500,4,['SKIP']
