time of recording,name,n,nhl,nm,t_learn,t_cex,t_sos,rate,batch_size,iter,activation
2023-06-03 19:06:19.219368,F1,2,10,"[5, 5, 1]",0.659532843157649,0.0199549060780555,0.541307931067422,0.1,500,2,['SKIP']
