time of recording,name,n,nhl,nm,t_learn,t_cex,t_sos,rate,batch_size,iter,activation
2023-05-31 12:45:35.361963,R6,13,10,[],0.46166192507371306,14.902827142970636,105.3134947377257,0.05,500,2,['SKIP']
