time of recording,name,n,nhl,nm,t_learn,t_cex,t_sos,rate,batch_size,iter,activation
2023-05-31 11:30:35.963781,M7,15,10,[],1.6168191831093282,82.666787520051,518.6140392599627,0.05,500,5,['SKIP']
