time of recording,name,n,nhl,nm,t_learn,t_cex,t_sos,rate,batch_size,iter,activation
2023-05-31 00:15:04.779430,M7,15,10,[],12.253256555646658,902.304279451957,419.39697675802745,0.05,500,5,['SKIP']
