time of recording,name,n,nhl,nm,t_learn,t_cex,t_sos,rate,batch_size,iter,activation
2023-05-19 20:38:04.932594,F4,6,10,[],2.0266936839325354,0.47594442300032824,7.322076858021319,0.5,2000,2,['SKIP']
