time of recording,name,n,nhl,nm,t_learn,t_cex,t_sos,rate,batch_size,iter,activation
2023-05-19 21:34:15.443391,C10,6,10,[],2.1168041698401794,1.535977880936116,10.500524357077666,0.1,1000,3,['SKIP']
