time of recording,name,n,nhl,nm,t_learn,t_cex,t_sos,rate,batch_size,iter,activation
2023-05-31 00:04:39.783396,C15,10,5,"[5, 1]",45.49044670234434,17.470328135648742,170.44797072280198,0.05,2000,6,['SKIP']
