time of recording,name,n,nhl,nm,t_learn,t_cex,t_sos,rate,batch_size,iter,activation
2023-05-12 21:41:07.614134,C15,10,5,"[5, 1]",63.52980069202022,25.261147736018756,224.86226632399485,0.05,2000,7,['SKIP']
