time of recording,name,n,nhl,nm,t_learn,t_cex,t_sos,rate,batch_size,iter,activation
2023-05-30 19:42:48.021785,M9,19,10,[],349.50292013725266,3489.1555796260945,1599.53833018383,0.05,500,5,['SKIP']
