time of recording,name,n,nhl,nm,t_learn,t_cex,t_sos,rate,batch_size,iter,activation
2023-05-26 02:51:05.304253,sin_19,19,10,[],504.2266503868159,5287.555327240843,1851.2804853026755,0.05,500,6,['SKIP']
