time of recording,name,n,nhl,nm,t_learn,t_cex,t_sos,rate,batch_size,iter,activation
2023-05-26 14:38:38.651137,sin_19,19,10,[],345.5359186688438,3828.2042931409087,1594.0920752640814,0.05,500,5,['SKIP']
