time of recording,name,n,nhl,nm,t_learn,t_cex,t_sos,rate,batch_size,iter,activation
2023-05-12 18:56:31.505888,sin_13,13,10,[],0.9175921159912832,200.21662446600385,161.97404024800926,0.05,500,3,['SKIP']
