time of recording,name,n,nhl,nm,t_learn,t_cex,t_sos,rate,batch_size,iter,activation
2023-05-20 14:20:12.907490,R5,11,10,[],0.25206707103643566,32.888892167015,47.92998096894007,0.1,500,2,['SKIP']
